{
  "Total" : {
    "transaction" : "Total",
    "sampleCount" : 65002,
    "errorCount" : 62245,
    "errorPct" : 95.75859,
    "meanResTime" : 4719.316713331851,
    "minResTime" : 2000.0,
    "maxResTime" : 70122.0,
    "pct1ResTime" : 8720.900000000001,
    "pct2ResTime" : 12080.450000000023,
    "pct3ResTime" : 23618.99,
    "throughput" : 361.3370170045527,
    "receivedKBytesPerSec" : 950.6358304398309,
    "sentKBytesPerSec" : 2.334905766900324
  },
  "HP" : {
    "transaction" : "HP",
    "sampleCount" : 65000,
    "errorCount" : 62244,
    "errorPct" : 95.76,
    "meanResTime" : 4718.739184615371,
    "minResTime" : 2000.0,
    "maxResTime" : 70122.0,
    "pct1ResTime" : 8720.900000000001,
    "pct2ResTime" : 12080.450000000023,
    "pct3ResTime" : 23618.99,
    "throughput" : 361.3258992845747,
    "receivedKBytesPerSec" : 950.6185621452753,
    "sentKBytesPerSec" : 2.3339394806912996
  },
  "Transaction Controller" : {
    "transaction" : "Transaction Controller",
    "sampleCount" : 65000,
    "errorCount" : 62244,
    "errorPct" : 95.76,
    "meanResTime" : 4718.739292307621,
    "minResTime" : 2000.0,
    "maxResTime" : 70122.0,
    "pct1ResTime" : 8720.900000000001,
    "pct2ResTime" : 12080.450000000023,
    "pct3ResTime" : 23618.99,
    "throughput" : 364.4825749292063,
    "receivedKBytesPerSec" : 958.9235147335071,
    "sentKBytesPerSec" : 2.3543296324333416
  },
  "POST - book" : {
    "transaction" : "POST - book",
    "sampleCount" : 1,
    "errorCount" : 1,
    "errorPct" : 100.0,
    "meanResTime" : 5790.0,
    "minResTime" : 5790.0,
    "maxResTime" : 5790.0,
    "pct1ResTime" : 5790.0,
    "pct2ResTime" : 5790.0,
    "pct3ResTime" : 5790.0,
    "throughput" : 0.17271157167530224,
    "receivedKBytesPerSec" : 0.4720895401554404,
    "sentKBytesPerSec" : 0.0
  },
  "POST - cleanup" : {
    "transaction" : "POST - cleanup",
    "sampleCount" : 1,
    "errorCount" : 0,
    "errorPct" : 0.0,
    "meanResTime" : 41188.0,
    "minResTime" : 41188.0,
    "maxResTime" : 41188.0,
    "pct1ResTime" : 41188.0,
    "pct2ResTime" : 41188.0,
    "pct3ResTime" : 41188.0,
    "throughput" : 0.024278916189181314,
    "receivedKBytesPerSec" : 0.009057173812760997,
    "sentKBytesPerSec" : 0.004220358478197533
  }
}