{
  "Total" : {
    "transaction" : "Total",
    "sampleCount" : 59938,
    "errorCount" : 55890,
    "errorPct" : 93.24635,
    "meanResTime" : 4222.964696853412,
    "minResTime" : 77.0,
    "maxResTime" : 121946.0,
    "pct1ResTime" : 21641.0,
    "pct2ResTime" : 24062.700000000004,
    "pct3ResTime" : 85012.98000000001,
    "throughput" : 137.35024794448978,
    "receivedKBytesPerSec" : 352.00775895318503,
    "sentKBytesPerSec" : 1.7029668480228606
  },
  "HP" : {
    "transaction" : "HP",
    "sampleCount" : 59936,
    "errorCount" : 55889,
    "errorPct" : 93.247795,
    "meanResTime" : 4222.324913240759,
    "minResTime" : 77.0,
    "maxResTime" : 121946.0,
    "pct1ResTime" : 21641.0,
    "pct2ResTime" : 24062.700000000004,
    "pct3ResTime" : 85012.98000000001,
    "throughput" : 137.34566486704492,
    "receivedKBytesPerSec" : 352.0006381756316,
    "sentKBytesPerSec" : 1.702568514143377
  },
  "Transaction Controller" : {
    "transaction" : "Transaction Controller",
    "sampleCount" : 59936,
    "errorCount" : 55889,
    "errorPct" : 93.247795,
    "meanResTime" : 4222.325046716504,
    "minResTime" : 77.0,
    "maxResTime" : 121946.0,
    "pct1ResTime" : 21641.0,
    "pct2ResTime" : 24062.700000000004,
    "pct3ResTime" : 85012.98000000001,
    "throughput" : 137.2060654897077,
    "receivedKBytesPerSec" : 351.6428615398769,
    "sentKBytesPerSec" : 1.7008380080900667
  },
  "POST - book" : {
    "transaction" : "POST - book",
    "sampleCount" : 1,
    "errorCount" : 1,
    "errorPct" : 100.0,
    "meanResTime" : 2314.0,
    "minResTime" : 2314.0,
    "maxResTime" : 2314.0,
    "pct1ResTime" : 2314.0,
    "pct2ResTime" : 2314.0,
    "pct3ResTime" : 2314.0,
    "throughput" : 0.43215211754537597,
    "receivedKBytesPerSec" : 1.181243922860847,
    "sentKBytesPerSec" : 0.0
  },
  "POST - cleanup" : {
    "transaction" : "POST - cleanup",
    "sampleCount" : 1,
    "errorCount" : 0,
    "errorPct" : 0.0,
    "meanResTime" : 44478.0,
    "minResTime" : 44478.0,
    "maxResTime" : 44478.0,
    "pct1ResTime" : 44478.0,
    "pct2ResTime" : 44478.0,
    "pct3ResTime" : 44478.0,
    "throughput" : 0.022483025315886505,
    "receivedKBytesPerSec" : 0.008409178414047393,
    "sentKBytesPerSec" : 0.003908182134988084
  }
}