{
  "Total" : {
    "transaction" : "Total",
    "sampleCount" : 60002,
    "errorCount" : 0,
    "errorPct" : 0.0,
    "meanResTime" : 2005.6361454618163,
    "minResTime" : 16.0,
    "maxResTime" : 4144.0,
    "pct1ResTime" : 2976.0,
    "pct2ResTime" : 3226.0,
    "pct3ResTime" : 3265.0,
    "throughput" : 776.6344374118225,
    "receivedKBytesPerSec" : 130.27540177357977,
    "sentKBytesPerSec" : 118.31669186599619
  },
  "HP" : {
    "transaction" : "HP",
    "sampleCount" : 60000,
    "errorCount" : 0,
    "errorPct" : 0.0,
    "meanResTime" : 2005.6755999999878,
    "minResTime" : 16.0,
    "maxResTime" : 4144.0,
    "pct1ResTime" : 2976.0,
    "pct2ResTime" : 3226.0,
    "pct3ResTime" : 3265.0,
    "throughput" : 776.6085504601406,
    "receivedKBytesPerSec" : 130.2732782345746,
    "sentKBytesPerSec" : 118.31145885916204
  },
  "Transaction Controller" : {
    "transaction" : "Transaction Controller",
    "sampleCount" : 60000,
    "errorCount" : 0,
    "errorPct" : 0.0,
    "meanResTime" : 2005.675799999968,
    "minResTime" : 16.0,
    "maxResTime" : 4144.0,
    "pct1ResTime" : 2976.0,
    "pct2ResTime" : 3226.0,
    "pct3ResTime" : 3265.0,
    "throughput" : 773.3453631500935,
    "receivedKBytesPerSec" : 129.72589035412773,
    "sentKBytesPerSec" : 117.81433266739705
  },
  "POST - book" : {
    "transaction" : "POST - book",
    "sampleCount" : 1,
    "errorCount" : 0,
    "errorPct" : 0.0,
    "meanResTime" : 612.0,
    "minResTime" : 612.0,
    "maxResTime" : 612.0,
    "pct1ResTime" : 612.0,
    "pct2ResTime" : 612.0,
    "pct3ResTime" : 612.0,
    "throughput" : 1.6339869281045751,
    "receivedKBytesPerSec" : 0.2042483660130719,
    "sentKBytesPerSec" : 0.37658292483660133
  },
  "POST - cleanup" : {
    "transaction" : "POST - cleanup",
    "sampleCount" : 1,
    "errorCount" : 0,
    "errorPct" : 0.0,
    "meanResTime" : 1032.0,
    "minResTime" : 1032.0,
    "maxResTime" : 1032.0,
    "pct1ResTime" : 1032.0,
    "pct2ResTime" : 1032.0,
    "pct3ResTime" : 1032.0,
    "throughput" : 0.9689922480620154,
    "receivedKBytesPerSec" : 0.03785125968992248,
    "sentKBytesPerSec" : 0.16843810562015504
  }
}