{
  "Total" : {
    "transaction" : "Total",
    "sampleCount" : 65002,
    "errorCount" : 29,
    "errorPct" : 0.044614013,
    "meanResTime" : 3607.4960155071867,
    "minResTime" : 2.0,
    "maxResTime" : 14963.0,
    "pct1ResTime" : 12111.0,
    "pct2ResTime" : 12298.0,
    "pct3ResTime" : 14526.980000000003,
    "throughput" : 483.509126883768,
    "receivedKBytesPerSec" : 79.91492389846994,
    "sentKBytesPerSec" : 73.66033448039245
  },
  "HP" : {
    "transaction" : "HP",
    "sampleCount" : 65000,
    "errorCount" : 29,
    "errorPct" : 0.044615384,
    "meanResTime" : 3607.5043230769147,
    "minResTime" : 2.0,
    "maxResTime" : 14963.0,
    "pct1ResTime" : 12111.0,
    "pct2ResTime" : 12298.0,
    "pct3ResTime" : 14526.980000000003,
    "throughput" : 483.49425013760987,
    "receivedKBytesPerSec" : 79.91370354038665,
    "sentKBytesPerSec" : 73.65732716940151
  },
  "Transaction Controller" : {
    "transaction" : "Transaction Controller",
    "sampleCount" : 65000,
    "errorCount" : 29,
    "errorPct" : 0.044615384,
    "meanResTime" : 3607.5043846153512,
    "minResTime" : 2.0,
    "maxResTime" : 14963.0,
    "pct1ResTime" : 12111.0,
    "pct2ResTime" : 12298.0,
    "pct3ResTime" : 14526.980000000003,
    "throughput" : 482.6218991542979,
    "receivedKBytesPerSec" : 79.76951816932232,
    "sentKBytesPerSec" : 73.52442994928757
  },
  "POST - book" : {
    "transaction" : "POST - book",
    "sampleCount" : 1,
    "errorCount" : 0,
    "errorPct" : 0.0,
    "meanResTime" : 1063.0,
    "minResTime" : 1063.0,
    "maxResTime" : 1063.0,
    "pct1ResTime" : 1063.0,
    "pct2ResTime" : 1063.0,
    "pct3ResTime" : 1063.0,
    "throughput" : 0.9407337723424272,
    "receivedKBytesPerSec" : 0.1175917215428034,
    "sentKBytesPerSec" : 0.21680973659454375
  },
  "POST - cleanup" : {
    "transaction" : "POST - cleanup",
    "sampleCount" : 1,
    "errorCount" : 0,
    "errorPct" : 0.0,
    "meanResTime" : 5612.0,
    "minResTime" : 5612.0,
    "maxResTime" : 5612.0,
    "pct1ResTime" : 5612.0,
    "pct2ResTime" : 5612.0,
    "pct3ResTime" : 5612.0,
    "throughput" : 0.1781895937277263,
    "receivedKBytesPerSec" : 0.006960531004989308,
    "sentKBytesPerSec" : 0.030974362972202425
  }
}