{
  "Total" : {
    "transaction" : "Total",
    "sampleCount" : 60002,
    "errorCount" : 0,
    "errorPct" : 0.0,
    "meanResTime" : 783.9259691343555,
    "minResTime" : 4.0,
    "maxResTime" : 1752.0,
    "pct1ResTime" : 1046.0,
    "pct2ResTime" : 1075.0,
    "pct3ResTime" : 1158.0,
    "throughput" : 1429.7764857265404,
    "receivedKBytesPerSec" : 341.71347415169424,
    "sentKBytesPerSec" : 217.81988507065242
  },
  "HP" : {
    "transaction" : "HP",
    "sampleCount" : 60000,
    "errorCount" : 0,
    "errorPct" : 0.0,
    "meanResTime" : 783.948550000005,
    "minResTime" : 4.0,
    "maxResTime" : 1752.0,
    "pct1ResTime" : 1046.0,
    "pct2ResTime" : 1075.0,
    "pct3ResTime" : 1158.0,
    "throughput" : 1429.7288280989374,
    "receivedKBytesPerSec" : 341.70686537911644,
    "sentKBytesPerSec" : 217.81025115569747
  },
  "Transaction Controller" : {
    "transaction" : "Transaction Controller",
    "sampleCount" : 60000,
    "errorCount" : 0,
    "errorPct" : 0.0,
    "meanResTime" : 783.9486833333301,
    "minResTime" : 4.0,
    "maxResTime" : 1752.0,
    "pct1ResTime" : 1046.0,
    "pct2ResTime" : 1075.0,
    "pct3ResTime" : 1158.0,
    "throughput" : 1418.2720718591183,
    "receivedKBytesPerSec" : 338.9686872119135,
    "sentKBytesPerSec" : 216.06488594728756
  },
  "POST - book" : {
    "transaction" : "POST - book",
    "sampleCount" : 1,
    "errorCount" : 0,
    "errorPct" : 0.0,
    "meanResTime" : 117.0,
    "minResTime" : 117.0,
    "maxResTime" : 117.0,
    "pct1ResTime" : 117.0,
    "pct2ResTime" : 117.0,
    "pct3ResTime" : 117.0,
    "throughput" : 8.547008547008549,
    "receivedKBytesPerSec" : 1.7027243589743588,
    "sentKBytesPerSec" : 1.969818376068376
  },
  "POST - cleanup" : {
    "transaction" : "POST - cleanup",
    "sampleCount" : 1,
    "errorCount" : 0,
    "errorPct" : 0.0,
    "meanResTime" : 96.0,
    "minResTime" : 96.0,
    "maxResTime" : 96.0,
    "pct1ResTime" : 96.0,
    "pct2ResTime" : 96.0,
    "pct3ResTime" : 96.0,
    "throughput" : 10.416666666666666,
    "receivedKBytesPerSec" : 0.8138020833333334,
    "sentKBytesPerSec" : 1.8107096354166665
  }
}