{
  "Total" : {
    "transaction" : "Total",
    "sampleCount" : 65002,
    "errorCount" : 41,
    "errorPct" : 0.06307498,
    "meanResTime" : 310.92961755022645,
    "minResTime" : 1.0,
    "maxResTime" : 6892.0,
    "pct1ResTime" : 64.0,
    "pct2ResTime" : 147.0,
    "pct3ResTime" : 513.9900000000016,
    "throughput" : 500.82826741865637,
    "receivedKBytesPerSec" : 118.63883399209487,
    "sentKBytesPerSec" : 76.29882383618798
  },
  "HP" : {
    "transaction" : "HP",
    "sampleCount" : 65000,
    "errorCount" : 41,
    "errorPct" : 0.06307692,
    "meanResTime" : 310.8676000000006,
    "minResTime" : 1.0,
    "maxResTime" : 6892.0,
    "pct1ResTime" : 64.0,
    "pct2ResTime" : 147.0,
    "pct3ResTime" : 513.9900000000016,
    "throughput" : 500.81285779226283,
    "receivedKBytesPerSec" : 118.63669711030983,
    "sentKBytesPerSec" : 76.29570880429004
  },
  "Transaction Controller" : {
    "transaction" : "Transaction Controller",
    "sampleCount" : 65000,
    "errorCount" : 41,
    "errorPct" : 0.06307692,
    "meanResTime" : 310.8677999999983,
    "minResTime" : 1.0,
    "maxResTime" : 6892.0,
    "pct1ResTime" : 64.0,
    "pct2ResTime" : 147.0,
    "pct3ResTime" : 513.9900000000016,
    "throughput" : 500.0038461834322,
    "receivedKBytesPerSec" : 118.44505174078263,
    "sentKBytesPerSec" : 76.17246094200725
  },
  "POST - book" : {
    "transaction" : "POST - book",
    "sampleCount" : 1,
    "errorCount" : 0,
    "errorPct" : 0.0,
    "meanResTime" : 745.0,
    "minResTime" : 745.0,
    "maxResTime" : 745.0,
    "pct1ResTime" : 745.0,
    "pct2ResTime" : 745.0,
    "pct3ResTime" : 745.0,
    "throughput" : 1.3422818791946307,
    "receivedKBytesPerSec" : 0.2674077181208054,
    "sentKBytesPerSec" : 0.30935402684563756
  },
  "POST - cleanup" : {
    "transaction" : "POST - cleanup",
    "sampleCount" : 1,
    "errorCount" : 0,
    "errorPct" : 0.0,
    "meanResTime" : 3908.0,
    "minResTime" : 3908.0,
    "maxResTime" : 3908.0,
    "pct1ResTime" : 3908.0,
    "pct2ResTime" : 3908.0,
    "pct3ResTime" : 3908.0,
    "throughput" : 0.25588536335721596,
    "receivedKBytesPerSec" : 0.019991044012282497,
    "sentKBytesPerSec" : 0.04448007292732856
  }
}